exp_name,rid,datetime,instrument,score,real_label,error,abs_error
EXP_XGBModel_Alpha158_csi300_expanding_step40_s_20260111_00,2f2d4eb181db4668bdbd3b6e264ca822,2026-02-11,SH600000,-0.05258046,,,
EXP_XGBModel_Alpha158_csi300_expanding_step40_s_20260111_00,2f2d4eb181db4668bdbd3b6e264ca822,2026-02-11,SZ000568,-0.033427883,,,
EXP_XGBModel_Alpha158_csi300_expanding_step40_s_20260111_00,2f2d4eb181db4668bdbd3b6e264ca822,2026-02-11,SZ000538,0.07103129,,,
EXP_XGBModel_Alpha158_csi300_expanding_step40_s_20260111_00,2f2d4eb181db4668bdbd3b6e264ca822,2026-02-11,SZ000425,0.01131804,,,
EXP_XGBModel_Alpha158_csi300_expanding_step40_s_20260111_00,2f2d4eb181db4668bdbd3b6e264ca822,2026-02-11,SZ000408,0.05961059,,,
EXP_XGBModel_Alpha158_csi300_expanding_step40_s_20260111_00,2f2d4eb181db4668bdbd3b6e264ca822,2026-02-11,SZ000338,0.15960523,,,
EXP_XGBModel_Alpha158_csi300_expanding_step40_s_20260111_00,2f2d4eb181db4668bdbd3b6e264ca822,2026-02-11,SZ000333,0.11451024,,,
EXP_XGBModel_Alpha158_csi300_expanding_step40_s_20260111_00,2f2d4eb181db4668bdbd3b6e264ca822,2026-02-11,SZ000596,-0.06990015,,,
EXP_XGBModel_Alpha158_csi300_expanding_step40_s_20260111_00,2f2d4eb181db4668bdbd3b6e264ca822,2026-02-11,SZ000301,-0.13824475,,,
EXP_XGBModel_Alpha158_csi300_expanding_step40_s_20260111_00,2f2d4eb181db4668bdbd3b6e264ca822,2026-02-11,SZ000157,-0.10096784,,,
EXP_XGBModel_Alpha158_csi300_expanding_step40_s_20260111_00,2f2d4eb181db4668bdbd3b6e264ca822,2026-02-11,SZ000100,0.028922446,,,
EXP_XGBModel_Alpha158_csi300_expanding_step40_s_20260111_00,2f2d4eb181db4668bdbd3b6e264ca822,2026-02-11,SZ000063,-0.01662011,,,
EXP_XGBModel_Alpha158_csi300_expanding_step40_s_20260111_00,2f2d4eb181db4668bdbd3b6e264ca822,2026-02-11,SZ000002,-0.095231086,,,
EXP_XGBModel_Alpha158_csi300_expanding_step40_s_20260111_00,2f2d4eb181db4668bdbd3b6e264ca822,2026-02-11,SZ000001,-0.007355146,,,
EXP_XGBModel_Alpha158_csi300_expanding_step40_s_20260111_00,2f2d4eb181db4668bdbd3b6e264ca822,2026-02-11,SH688981,-0.07434291,,,
EXP_XGBModel_Alpha158_csi300_expanding_step40_s_20260111_00,2f2d4eb181db4668bdbd3b6e264ca822,2026-02-11,SZ000166,0.00354949,,,
EXP_XGBModel_Alpha158_csi300_expanding_step40_s_20260111_00,2f2d4eb181db4668bdbd3b6e264ca822,2026-02-11,SZ000617,-0.0663279,,,
EXP_XGBModel_Alpha158_csi300_expanding_step40_s_20260111_00,2f2d4eb181db4668bdbd3b6e264ca822,2026-02-11,SZ000625,-0.016049085,,,
EXP_XGBModel_Alpha158_csi300_expanding_step40_s_20260111_00,2f2d4eb181db4668bdbd3b6e264ca822,2026-02-11,SZ000630,-0.11451814,,,
EXP_XGBModel_Alpha158_csi300_expanding_step40_s_20260111_00,2f2d4eb181db4668bdbd3b6e264ca822,2026-02-11,SZ000975,0.03374306,,,
EXP_XGBModel_Alpha158_csi300_expanding_step40_s_20260111_00,2f2d4eb181db4668bdbd3b6e264ca822,2026-02-11,SZ000963,-0.013256718,,,
EXP_XGBModel_Alpha158_csi300_expanding_step40_s_20260111_00,2f2d4eb181db4668bdbd3b6e264ca822,2026-02-11,SZ000938,-0.010934493,,,
EXP_XGBModel_Alpha158_csi300_expanding_step40_s_20260111_00,2f2d4eb181db4668bdbd3b6e264ca822,2026-02-11,SZ000895,0.0458165,,,
EXP_XGBModel_Alpha158_csi300_expanding_step40_s_20260111_00,2f2d4eb181db4668bdbd3b6e264ca822,2026-02-11,SZ000876,-0.089547254,,,
EXP_XGBModel_Alpha158_csi300_expanding_step40_s_20260111_00,2f2d4eb181db4668bdbd3b6e264ca822,2026-02-11,SZ000858,-0.057367828,,,
EXP_XGBModel_Alpha158_csi300_expanding_step40_s_20260111_00,2f2d4eb181db4668bdbd3b6e264ca822,2026-02-11,SZ000807,-0.010845089,,,
EXP_XGBModel_Alpha158_csi300_expanding_step40_s_20260111_00,2f2d4eb181db4668bdbd3b6e264ca822,2026-02-11,SZ000792,-0.08154258,,,
EXP_XGBModel_Alpha158_csi300_expanding_step40_s_20260111_00,2f2d4eb181db4668bdbd3b6e264ca822,2026-02-11,SZ000786,0.061934154,,,
EXP_XGBModel_Alpha158_csi300_expanding_step40_s_20260111_00,2f2d4eb181db4668bdbd3b6e264ca822,2026-02-11,SZ000776,-0.015061681,,,
EXP_XGBModel_Alpha158_csi300_expanding_step40_s_20260111_00,2f2d4eb181db4668bdbd3b6e264ca822,2026-02-11,SZ000768,0.0011260677,,,
EXP_XGBModel_Alpha158_csi300_expanding_step40_s_20260111_00,2f2d4eb181db4668bdbd3b6e264ca822,2026-02-11,SZ000725,-0.008798851,,,
EXP_XGBModel_Alpha158_csi300_expanding_step40_s_20260111_00,2f2d4eb181db4668bdbd3b6e264ca822,2026-02-11,SZ000708,0.025051292,,,
EXP_XGBModel_Alpha158_csi300_expanding_step40_s_20260111_00,2f2d4eb181db4668bdbd3b6e264ca822,2026-02-11,SZ000661,-0.009888882,,,
EXP_XGBModel_Alpha158_csi300_expanding_step40_s_20260111_00,2f2d4eb181db4668bdbd3b6e264ca822,2026-02-11,SZ000651,-0.008443888,,,
EXP_XGBModel_Alpha158_csi300_expanding_step40_s_20260111_00,2f2d4eb181db4668bdbd3b6e264ca822,2026-02-11,SH688506,-0.024799775,,,
EXP_XGBModel_Alpha158_csi300_expanding_step40_s_20260111_00,2f2d4eb181db4668bdbd3b6e264ca822,2026-02-11,SH688472,-0.01473886,,,
EXP_XGBModel_Alpha158_csi300_expanding_step40_s_20260111_00,2f2d4eb181db4668bdbd3b6e264ca822,2026-02-11,SH688396,-0.05783837,,,
EXP_XGBModel_Alpha158_csi300_expanding_step40_s_20260111_00,2f2d4eb181db4668bdbd3b6e264ca822,2026-02-11,SH688303,0.012051918,,,
EXP_XGBModel_Alpha158_csi300_expanding_step40_s_20260111_00,2f2d4eb181db4668bdbd3b6e264ca822,2026-02-11,SH603799,-0.0099378005,,,
EXP_XGBModel_Alpha158_csi300_expanding_step40_s_20260111_00,2f2d4eb181db4668bdbd3b6e264ca822,2026-02-11,SH603501,-0.059096705,,,
EXP_XGBModel_Alpha158_csi300_expanding_step40_s_20260111_00,2f2d4eb181db4668bdbd3b6e264ca822,2026-02-11,SH603392,-0.11360252,,,
EXP_XGBModel_Alpha158_csi300_expanding_step40_s_20260111_00,2f2d4eb181db4668bdbd3b6e264ca822,2026-02-11,SH603369,-0.048060037,,,
EXP_XGBModel_Alpha158_csi300_expanding_step40_s_20260111_00,2f2d4eb181db4668bdbd3b6e264ca822,2026-02-11,SH603296,-0.0688347,,,
EXP_XGBModel_Alpha158_csi300_expanding_step40_s_20260111_00,2f2d4eb181db4668bdbd3b6e264ca822,2026-02-11,SH603288,0.005527745,,,
EXP_XGBModel_Alpha158_csi300_expanding_step40_s_20260111_00,2f2d4eb181db4668bdbd3b6e264ca822,2026-02-11,SH603260,0.03344457,,,
EXP_XGBModel_Alpha158_csi300_expanding_step40_s_20260111_00,2f2d4eb181db4668bdbd3b6e264ca822,2026-02-11,SH603259,-0.05941791,,,
EXP_XGBModel_Alpha158_csi300_expanding_step40_s_20260111_00,2f2d4eb181db4668bdbd3b6e264ca822,2026-02-11,SH603195,0.044348042,,,
EXP_XGBModel_Alpha158_csi300_expanding_step40_s_20260111_00,2f2d4eb181db4668bdbd3b6e264ca822,2026-02-11,SH603019,-0.07180083,,,
EXP_XGBModel_Alpha158_csi300_expanding_step40_s_20260111_00,2f2d4eb181db4668bdbd3b6e264ca822,2026-02-11,SH601998,-0.005454757,,,
EXP_XGBModel_Alpha158_csi300_expanding_step40_s_20260111_00,2f2d4eb181db4668bdbd3b6e264ca822,2026-02-11,SH601995,-0.035286427,,,
EXP_XGBModel_Alpha158_csi300_expanding_step40_s_20260111_00,2f2d4eb181db4668bdbd3b6e264ca822,2026-02-11,SH601988,0.010954193,,,
EXP_XGBModel_Alpha158_csi300_expanding_step40_s_20260111_00,2f2d4eb181db4668bdbd3b6e264ca822,2026-02-11,SH601985,-0.06986469,,,
EXP_XGBModel_Alpha158_csi300_expanding_step40_s_20260111_00,2f2d4eb181db4668bdbd3b6e264ca822,2026-02-11,SH601939,0.012507954,,,
EXP_XGBModel_Alpha158_csi300_expanding_step40_s_20260111_00,2f2d4eb181db4668bdbd3b6e264ca822,2026-02-11,SH603893,-0.068610355,,,
EXP_XGBModel_Alpha158_csi300_expanding_step40_s_20260111_00,2f2d4eb181db4668bdbd3b6e264ca822,2026-02-11,SZ000977,-0.0293597,,,
EXP_XGBModel_Alpha158_csi300_expanding_step40_s_20260111_00,2f2d4eb181db4668bdbd3b6e264ca822,2026-02-11,SH603986,-0.19196847,,,
EXP_XGBModel_Alpha158_csi300_expanding_step40_s_20260111_00,2f2d4eb181db4668bdbd3b6e264ca822,2026-02-11,SH605117,0.013137933,,,
EXP_XGBModel_Alpha158_csi300_expanding_step40_s_20260111_00,2f2d4eb181db4668bdbd3b6e264ca822,2026-02-11,SH688271,-0.032141875,,,
EXP_XGBModel_Alpha158_csi300_expanding_step40_s_20260111_00,2f2d4eb181db4668bdbd3b6e264ca822,2026-02-11,SH688256,0.046213295,,,
EXP_XGBModel_Alpha158_csi300_expanding_step40_s_20260111_00,2f2d4eb181db4668bdbd3b6e264ca822,2026-02-11,SH688223,-0.33320606,,,
EXP_XGBModel_Alpha158_csi300_expanding_step40_s_20260111_00,2f2d4eb181db4668bdbd3b6e264ca822,2026-02-11,SH688187,-0.068295114,,,
EXP_XGBModel_Alpha158_csi300_expanding_step40_s_20260111_00,2f2d4eb181db4668bdbd3b6e264ca822,2026-02-11,SH688169,-0.024587197,,,
EXP_XGBModel_Alpha158_csi300_expanding_step40_s_20260111_00,2f2d4eb181db4668bdbd3b6e264ca822,2026-02-11,SH688126,-0.02453727,,,
EXP_XGBModel_Alpha158_csi300_expanding_step40_s_20260111_00,2f2d4eb181db4668bdbd3b6e264ca822,2026-02-11,SH688111,-0.013969137,,,
EXP_XGBModel_Alpha158_csi300_expanding_step40_s_20260111_00,2f2d4eb181db4668bdbd3b6e264ca822,2026-02-11,SH688082,0.0079760365,,,
EXP_XGBModel_Alpha158_csi300_expanding_step40_s_20260111_00,2f2d4eb181db4668bdbd3b6e264ca822,2026-02-11,SH688047,-0.051740948,,,
EXP_XGBModel_Alpha158_csi300_expanding_step40_s_20260111_00,2f2d4eb181db4668bdbd3b6e264ca822,2026-02-11,SH688041,-0.26778615,,,
EXP_XGBModel_Alpha158_csi300_expanding_step40_s_20260111_00,2f2d4eb181db4668bdbd3b6e264ca822,2026-02-11,SH688036,0.0010544562,,,
EXP_XGBModel_Alpha158_csi300_expanding_step40_s_20260111_00,2f2d4eb181db4668bdbd3b6e264ca822,2026-02-11,SH688012,-0.021836769,,,
EXP_XGBModel_Alpha158_csi300_expanding_step40_s_20260111_00,2f2d4eb181db4668bdbd3b6e264ca822,2026-02-11,SH688009,0.03338114,,,
EXP_XGBModel_Alpha158_csi300_expanding_step40_s_20260111_00,2f2d4eb181db4668bdbd3b6e264ca822,2026-02-11,SH688008,0.028831508,,,
EXP_XGBModel_Alpha158_csi300_expanding_step40_s_20260111_00,2f2d4eb181db4668bdbd3b6e264ca822,2026-02-11,SH605499,0.03226727,,,
EXP_XGBModel_Alpha158_csi300_expanding_step40_s_20260111_00,2f2d4eb181db4668bdbd3b6e264ca822,2026-02-11,SH603993,-0.062865555,,,
EXP_XGBModel_Alpha158_csi300_expanding_step40_s_20260111_00,2f2d4eb181db4668bdbd3b6e264ca822,2026-02-11,SH601919,0.045137517,,,
EXP_XGBModel_Alpha158_csi300_expanding_step40_s_20260111_00,2f2d4eb181db4668bdbd3b6e264ca822,2026-02-11,SZ000983,0.013379048,,,
EXP_XGBModel_Alpha158_csi300_expanding_step40_s_20260111_00,2f2d4eb181db4668bdbd3b6e264ca822,2026-02-11,SZ001391,0.019556263,,,
EXP_XGBModel_Alpha158_csi300_expanding_step40_s_20260111_00,2f2d4eb181db4668bdbd3b6e264ca822,2026-02-11,SZ300408,-0.0015422613,,,
EXP_XGBModel_Alpha158_csi300_expanding_step40_s_20260111_00,2f2d4eb181db4668bdbd3b6e264ca822,2026-02-11,SZ300394,-0.10207498,,,
EXP_XGBModel_Alpha158_csi300_expanding_step40_s_20260111_00,2f2d4eb181db4668bdbd3b6e264ca822,2026-02-11,SZ300347,0.03331384,,,
EXP_XGBModel_Alpha158_csi300_expanding_step40_s_20260111_00,2f2d4eb181db4668bdbd3b6e264ca822,2026-02-11,SZ300316,0.2327483,,,
EXP_XGBModel_Alpha158_csi300_expanding_step40_s_20260111_00,2f2d4eb181db4668bdbd3b6e264ca822,2026-02-11,SZ300308,0.15629295,,,
EXP_XGBModel_Alpha158_csi300_expanding_step40_s_20260111_00,2f2d4eb181db4668bdbd3b6e264ca822,2026-02-11,SZ300274,0.017423661,,,
EXP_XGBModel_Alpha158_csi300_expanding_step40_s_20260111_00,2f2d4eb181db4668bdbd3b6e264ca822,2026-02-11,SZ300413,-0.02490957,,,
EXP_XGBModel_Alpha158_csi300_expanding_step40_s_20260111_00,2f2d4eb181db4668bdbd3b6e264ca822,2026-02-11,SZ300251,0.7103665,,,
EXP_XGBModel_Alpha158_csi300_expanding_step40_s_20260111_00,2f2d4eb181db4668bdbd3b6e264ca822,2026-02-11,SZ300122,-0.04675427,,,
EXP_XGBModel_Alpha158_csi300_expanding_step40_s_20260111_00,2f2d4eb181db4668bdbd3b6e264ca822,2026-02-11,SZ300059,-0.10557572,,,
EXP_XGBModel_Alpha158_csi300_expanding_step40_s_20260111_00,2f2d4eb181db4668bdbd3b6e264ca822,2026-02-11,SZ300033,-0.098775536,,,
EXP_XGBModel_Alpha158_csi300_expanding_step40_s_20260111_00,2f2d4eb181db4668bdbd3b6e264ca822,2026-02-11,SZ300015,-0.06750454,,,
EXP_XGBModel_Alpha158_csi300_expanding_step40_s_20260111_00,2f2d4eb181db4668bdbd3b6e264ca822,2026-02-11,SZ300014,0.0044648214,,,
EXP_XGBModel_Alpha158_csi300_expanding_step40_s_20260111_00,2f2d4eb181db4668bdbd3b6e264ca822,2026-02-11,SZ003816,0.04919946,,,
EXP_XGBModel_Alpha158_csi300_expanding_step40_s_20260111_00,2f2d4eb181db4668bdbd3b6e264ca822,2026-02-11,SZ300124,0.04741942,,,
EXP_XGBModel_Alpha158_csi300_expanding_step40_s_20260111_00,2f2d4eb181db4668bdbd3b6e264ca822,2026-02-11,SZ300418,-0.06703249,,,
EXP_XGBModel_Alpha158_csi300_expanding_step40_s_20260111_00,2f2d4eb181db4668bdbd3b6e264ca822,2026-02-11,SZ300433,-0.014467599,,,
EXP_XGBModel_Alpha158_csi300_expanding_step40_s_20260111_00,2f2d4eb181db4668bdbd3b6e264ca822,2026-02-11,SZ300476,0.021134563,,,
EXP_XGBModel_Alpha158_csi300_expanding_step40_s_20260111_00,2f2d4eb181db4668bdbd3b6e264ca822,2026-02-11,SZ301236,-0.0004456602,,,
EXP_XGBModel_Alpha158_csi300_expanding_step40_s_20260111_00,2f2d4eb181db4668bdbd3b6e264ca822,2026-02-11,SZ300999,-0.046677593,,,
EXP_XGBModel_Alpha158_csi300_expanding_step40_s_20260111_00,2f2d4eb181db4668bdbd3b6e264ca822,2026-02-11,SZ300979,0.1626861,,,
EXP_XGBModel_Alpha158_csi300_expanding_step40_s_20260111_00,2f2d4eb181db4668bdbd3b6e264ca822,2026-02-11,SZ300896,0.013464119,,,
EXP_XGBModel_Alpha158_csi300_expanding_step40_s_20260111_00,2f2d4eb181db4668bdbd3b6e264ca822,2026-02-11,SZ300866,-0.049228355,,,
EXP_XGBModel_Alpha158_csi300_expanding_step40_s_20260111_00,2f2d4eb181db4668bdbd3b6e264ca822,2026-02-11,SZ300832,-0.026987081,,,
EXP_XGBModel_Alpha158_csi300_expanding_step40_s_20260111_00,2f2d4eb181db4668bdbd3b6e264ca822,2026-02-11,SZ300803,-0.15045214,,,
EXP_XGBModel_Alpha158_csi300_expanding_step40_s_20260111_00,2f2d4eb181db4668bdbd3b6e264ca822,2026-02-11,SZ300782,-0.039399445,,,
EXP_XGBModel_Alpha158_csi300_expanding_step40_s_20260111_00,2f2d4eb181db4668bdbd3b6e264ca822,2026-02-11,SZ300760,-0.040961485,,,
EXP_XGBModel_Alpha158_csi300_expanding_step40_s_20260111_00,2f2d4eb181db4668bdbd3b6e264ca822,2026-02-11,SZ300759,-0.00070100155,,,
EXP_XGBModel_Alpha158_csi300_expanding_step40_s_20260111_00,2f2d4eb181db4668bdbd3b6e264ca822,2026-02-11,SZ300750,-0.08731798,,,
EXP_XGBModel_Alpha158_csi300_expanding_step40_s_20260111_00,2f2d4eb181db4668bdbd3b6e264ca822,2026-02-11,SZ300661,0.0035869172,,,
EXP_XGBModel_Alpha158_csi300_expanding_step40_s_20260111_00,2f2d4eb181db4668bdbd3b6e264ca822,2026-02-11,SZ300628,-0.048283402,,,
EXP_XGBModel_Alpha158_csi300_expanding_step40_s_20260111_00,2f2d4eb181db4668bdbd3b6e264ca822,2026-02-11,SZ300502,0.20770644,,,
EXP_XGBModel_Alpha158_csi300_expanding_step40_s_20260111_00,2f2d4eb181db4668bdbd3b6e264ca822,2026-02-11,SZ300498,0.034521703,,,
EXP_XGBModel_Alpha158_csi300_expanding_step40_s_20260111_00,2f2d4eb181db4668bdbd3b6e264ca822,2026-02-11,SZ002938,0.055744644,,,
EXP_XGBModel_Alpha158_csi300_expanding_step40_s_20260111_00,2f2d4eb181db4668bdbd3b6e264ca822,2026-02-11,SZ002920,0.0015124967,,,
EXP_XGBModel_Alpha158_csi300_expanding_step40_s_20260111_00,2f2d4eb181db4668bdbd3b6e264ca822,2026-02-11,SZ002916,-0.09025183,,,
EXP_XGBModel_Alpha158_csi300_expanding_step40_s_20260111_00,2f2d4eb181db4668bdbd3b6e264ca822,2026-02-11,SZ002736,-0.028863918,,,
EXP_XGBModel_Alpha158_csi300_expanding_step40_s_20260111_00,2f2d4eb181db4668bdbd3b6e264ca822,2026-02-11,SZ002304,-0.053790197,,,
EXP_XGBModel_Alpha158_csi300_expanding_step40_s_20260111_00,2f2d4eb181db4668bdbd3b6e264ca822,2026-02-11,SZ002252,-0.028044667,,,
EXP_XGBModel_Alpha158_csi300_expanding_step40_s_20260111_00,2f2d4eb181db4668bdbd3b6e264ca822,2026-02-11,SZ002241,-0.03906478,,,
EXP_XGBModel_Alpha158_csi300_expanding_step40_s_20260111_00,2f2d4eb181db4668bdbd3b6e264ca822,2026-02-11,SZ002236,-0.076055326,,,
EXP_XGBModel_Alpha158_csi300_expanding_step40_s_20260111_00,2f2d4eb181db4668bdbd3b6e264ca822,2026-02-11,SZ002230,-0.05990588,,,
EXP_XGBModel_Alpha158_csi300_expanding_step40_s_20260111_00,2f2d4eb181db4668bdbd3b6e264ca822,2026-02-11,SZ002179,0.025478799,,,
EXP_XGBModel_Alpha158_csi300_expanding_step40_s_20260111_00,2f2d4eb181db4668bdbd3b6e264ca822,2026-02-11,SZ002142,0.12535149,,,
EXP_XGBModel_Alpha158_csi300_expanding_step40_s_20260111_00,2f2d4eb181db4668bdbd3b6e264ca822,2026-02-11,SZ002074,0.007641223,,,
EXP_XGBModel_Alpha158_csi300_expanding_step40_s_20260111_00,2f2d4eb181db4668bdbd3b6e264ca822,2026-02-11,SZ002050,-0.03754198,,,
EXP_XGBModel_Alpha158_csi300_expanding_step40_s_20260111_00,2f2d4eb181db4668bdbd3b6e264ca822,2026-02-11,SZ002049,0.023936706,,,
EXP_XGBModel_Alpha158_csi300_expanding_step40_s_20260111_00,2f2d4eb181db4668bdbd3b6e264ca822,2026-02-11,SZ002028,-0.10725184,,,
EXP_XGBModel_Alpha158_csi300_expanding_step40_s_20260111_00,2f2d4eb181db4668bdbd3b6e264ca822,2026-02-11,SZ002027,-0.04557216,,,
EXP_XGBModel_Alpha158_csi300_expanding_step40_s_20260111_00,2f2d4eb181db4668bdbd3b6e264ca822,2026-02-11,SZ002001,-0.08555448,,,
EXP_XGBModel_Alpha158_csi300_expanding_step40_s_20260111_00,2f2d4eb181db4668bdbd3b6e264ca822,2026-02-11,SZ001979,0.09939114,,,
EXP_XGBModel_Alpha158_csi300_expanding_step40_s_20260111_00,2f2d4eb181db4668bdbd3b6e264ca822,2026-02-11,SZ001965,0.026442451,,,
EXP_XGBModel_Alpha158_csi300_expanding_step40_s_20260111_00,2f2d4eb181db4668bdbd3b6e264ca822,2026-02-11,SZ002311,-0.049554605,,,
EXP_XGBModel_Alpha158_csi300_expanding_step40_s_20260111_00,2f2d4eb181db4668bdbd3b6e264ca822,2026-02-11,SZ000999,0.035234295,,,
EXP_XGBModel_Alpha158_csi300_expanding_step40_s_20260111_00,2f2d4eb181db4668bdbd3b6e264ca822,2026-02-11,SZ002352,0.034810796,,,
EXP_XGBModel_Alpha158_csi300_expanding_step40_s_20260111_00,2f2d4eb181db4668bdbd3b6e264ca822,2026-02-11,SZ002384,0.15587316,,,
EXP_XGBModel_Alpha158_csi300_expanding_step40_s_20260111_00,2f2d4eb181db4668bdbd3b6e264ca822,2026-02-11,SZ002714,-0.021666113,,,
EXP_XGBModel_Alpha158_csi300_expanding_step40_s_20260111_00,2f2d4eb181db4668bdbd3b6e264ca822,2026-02-11,SZ002709,-0.0762456,,,
EXP_XGBModel_Alpha158_csi300_expanding_step40_s_20260111_00,2f2d4eb181db4668bdbd3b6e264ca822,2026-02-11,SZ002648,-0.13168491,,,
EXP_XGBModel_Alpha158_csi300_expanding_step40_s_20260111_00,2f2d4eb181db4668bdbd3b6e264ca822,2026-02-11,SZ002625,-0.027873889,,,
EXP_XGBModel_Alpha158_csi300_expanding_step40_s_20260111_00,2f2d4eb181db4668bdbd3b6e264ca822,2026-02-11,SZ002601,-0.042097542,,,
EXP_XGBModel_Alpha158_csi300_expanding_step40_s_20260111_00,2f2d4eb181db4668bdbd3b6e264ca822,2026-02-11,SZ002600,-0.112915926,,,
EXP_XGBModel_Alpha158_csi300_expanding_step40_s_20260111_00,2f2d4eb181db4668bdbd3b6e264ca822,2026-02-11,SZ002594,-0.01268556,,,
EXP_XGBModel_Alpha158_csi300_expanding_step40_s_20260111_00,2f2d4eb181db4668bdbd3b6e264ca822,2026-02-11,SZ002493,-0.10969271,,,
EXP_XGBModel_Alpha158_csi300_expanding_step40_s_20260111_00,2f2d4eb181db4668bdbd3b6e264ca822,2026-02-11,SZ002475,-0.07268926,,,
EXP_XGBModel_Alpha158_csi300_expanding_step40_s_20260111_00,2f2d4eb181db4668bdbd3b6e264ca822,2026-02-11,SZ002466,0.024205245,,,
EXP_XGBModel_Alpha158_csi300_expanding_step40_s_20260111_00,2f2d4eb181db4668bdbd3b6e264ca822,2026-02-11,SZ002463,0.1149518,,,
EXP_XGBModel_Alpha158_csi300_expanding_step40_s_20260111_00,2f2d4eb181db4668bdbd3b6e264ca822,2026-02-11,SZ002460,-0.018544238,,,
EXP_XGBModel_Alpha158_csi300_expanding_step40_s_20260111_00,2f2d4eb181db4668bdbd3b6e264ca822,2026-02-11,SZ002459,0.05005837,,,
EXP_XGBModel_Alpha158_csi300_expanding_step40_s_20260111_00,2f2d4eb181db4668bdbd3b6e264ca822,2026-02-11,SZ002422,-0.008455582,,,
EXP_XGBModel_Alpha158_csi300_expanding_step40_s_20260111_00,2f2d4eb181db4668bdbd3b6e264ca822,2026-02-11,SZ002415,0.068330824,,,
EXP_XGBModel_Alpha158_csi300_expanding_step40_s_20260111_00,2f2d4eb181db4668bdbd3b6e264ca822,2026-02-11,SZ002371,0.0070267613,,,
EXP_XGBModel_Alpha158_csi300_expanding_step40_s_20260111_00,2f2d4eb181db4668bdbd3b6e264ca822,2026-02-11,SZ301269,-0.11138466,,,
EXP_XGBModel_Alpha158_csi300_expanding_step40_s_20260111_00,2f2d4eb181db4668bdbd3b6e264ca822,2026-02-11,SH601916,-0.029005116,,,
EXP_XGBModel_Alpha158_csi300_expanding_step40_s_20260111_00,2f2d4eb181db4668bdbd3b6e264ca822,2026-02-11,SH601899,-0.20606807,,,
EXP_XGBModel_Alpha158_csi300_expanding_step40_s_20260111_00,2f2d4eb181db4668bdbd3b6e264ca822,2026-02-11,SH600522,-0.072587326,,,
EXP_XGBModel_Alpha158_csi300_expanding_step40_s_20260111_00,2f2d4eb181db4668bdbd3b6e264ca822,2026-02-11,SH600519,0.06740112,,,
EXP_XGBModel_Alpha158_csi300_expanding_step40_s_20260111_00,2f2d4eb181db4668bdbd3b6e264ca822,2026-02-11,SH600515,0.0011553331,,,
EXP_XGBModel_Alpha158_csi300_expanding_step40_s_20260111_00,2f2d4eb181db4668bdbd3b6e264ca822,2026-02-11,SH600489,0.24527587,,,
EXP_XGBModel_Alpha158_csi300_expanding_step40_s_20260111_00,2f2d4eb181db4668bdbd3b6e264ca822,2026-02-11,SH600482,-0.099752694,,,
EXP_XGBModel_Alpha158_csi300_expanding_step40_s_20260111_00,2f2d4eb181db4668bdbd3b6e264ca822,2026-02-11,SH600460,-0.049697213,,,
EXP_XGBModel_Alpha158_csi300_expanding_step40_s_20260111_00,2f2d4eb181db4668bdbd3b6e264ca822,2026-02-11,SH600547,0.20921913,,,
EXP_XGBModel_Alpha158_csi300_expanding_step40_s_20260111_00,2f2d4eb181db4668bdbd3b6e264ca822,2026-02-11,SH600438,-0.049888942,,,
EXP_XGBModel_Alpha158_csi300_expanding_step40_s_20260111_00,2f2d4eb181db4668bdbd3b6e264ca822,2026-02-11,SH600426,-0.08200151,,,
EXP_XGBModel_Alpha158_csi300_expanding_step40_s_20260111_00,2f2d4eb181db4668bdbd3b6e264ca822,2026-02-11,SH600415,-0.058081254,,,
EXP_XGBModel_Alpha158_csi300_expanding_step40_s_20260111_00,2f2d4eb181db4668bdbd3b6e264ca822,2026-02-11,SH600406,-0.037329853,,,
EXP_XGBModel_Alpha158_csi300_expanding_step40_s_20260111_00,2f2d4eb181db4668bdbd3b6e264ca822,2026-02-11,SH600377,-0.054114148,,,
EXP_XGBModel_Alpha158_csi300_expanding_step40_s_20260111_00,2f2d4eb181db4668bdbd3b6e264ca822,2026-02-11,SH600372,0.03807568,,,
EXP_XGBModel_Alpha158_csi300_expanding_step40_s_20260111_00,2f2d4eb181db4668bdbd3b6e264ca822,2026-02-11,SH600362,-0.091134086,,,
EXP_XGBModel_Alpha158_csi300_expanding_step40_s_20260111_00,2f2d4eb181db4668bdbd3b6e264ca822,2026-02-11,SH600436,-0.036189876,,,
EXP_XGBModel_Alpha158_csi300_expanding_step40_s_20260111_00,2f2d4eb181db4668bdbd3b6e264ca822,2026-02-11,SH600570,-0.10942338,,,
EXP_XGBModel_Alpha158_csi300_expanding_step40_s_20260111_00,2f2d4eb181db4668bdbd3b6e264ca822,2026-02-11,SH600584,-0.1712332,,,
EXP_XGBModel_Alpha158_csi300_expanding_step40_s_20260111_00,2f2d4eb181db4668bdbd3b6e264ca822,2026-02-11,SH600585,0.0581622,,,
EXP_XGBModel_Alpha158_csi300_expanding_step40_s_20260111_00,2f2d4eb181db4668bdbd3b6e264ca822,2026-02-11,SH600893,0.10009458,,,
EXP_XGBModel_Alpha158_csi300_expanding_step40_s_20260111_00,2f2d4eb181db4668bdbd3b6e264ca822,2026-02-11,SH600887,0.024207393,,,
EXP_XGBModel_Alpha158_csi300_expanding_step40_s_20260111_00,2f2d4eb181db4668bdbd3b6e264ca822,2026-02-11,SH600886,0.040216878,,,
EXP_XGBModel_Alpha158_csi300_expanding_step40_s_20260111_00,2f2d4eb181db4668bdbd3b6e264ca822,2026-02-11,SH600875,0.06814071,,,
EXP_XGBModel_Alpha158_csi300_expanding_step40_s_20260111_00,2f2d4eb181db4668bdbd3b6e264ca822,2026-02-11,SH600845,-0.1344907,,,
EXP_XGBModel_Alpha158_csi300_expanding_step40_s_20260111_00,2f2d4eb181db4668bdbd3b6e264ca822,2026-02-11,SH600809,0.36472562,,,
EXP_XGBModel_Alpha158_csi300_expanding_step40_s_20260111_00,2f2d4eb181db4668bdbd3b6e264ca822,2026-02-11,SH600803,-0.0047978023,,,
EXP_XGBModel_Alpha158_csi300_expanding_step40_s_20260111_00,2f2d4eb181db4668bdbd3b6e264ca822,2026-02-11,SH600795,-0.07725432,,,
EXP_XGBModel_Alpha158_csi300_expanding_step40_s_20260111_00,2f2d4eb181db4668bdbd3b6e264ca822,2026-02-11,SH600760,0.02071947,,,
EXP_XGBModel_Alpha158_csi300_expanding_step40_s_20260111_00,2f2d4eb181db4668bdbd3b6e264ca822,2026-02-11,SH600741,-0.038601182,,,
EXP_XGBModel_Alpha158_csi300_expanding_step40_s_20260111_00,2f2d4eb181db4668bdbd3b6e264ca822,2026-02-11,SH600690,0.015890472,,,
EXP_XGBModel_Alpha158_csi300_expanding_step40_s_20260111_00,2f2d4eb181db4668bdbd3b6e264ca822,2026-02-11,SH600674,0.0306032,,,
EXP_XGBModel_Alpha158_csi300_expanding_step40_s_20260111_00,2f2d4eb181db4668bdbd3b6e264ca822,2026-02-11,SH600660,0.007225681,,,
EXP_XGBModel_Alpha158_csi300_expanding_step40_s_20260111_00,2f2d4eb181db4668bdbd3b6e264ca822,2026-02-11,SH600600,0.01597156,,,
EXP_XGBModel_Alpha158_csi300_expanding_step40_s_20260111_00,2f2d4eb181db4668bdbd3b6e264ca822,2026-02-11,SH600588,-0.03418609,,,
EXP_XGBModel_Alpha158_csi300_expanding_step40_s_20260111_00,2f2d4eb181db4668bdbd3b6e264ca822,2026-02-11,SH600346,-0.2206515,,,
EXP_XGBModel_Alpha158_csi300_expanding_step40_s_20260111_00,2f2d4eb181db4668bdbd3b6e264ca822,2026-02-11,SH600309,-0.13617867,,,
EXP_XGBModel_Alpha158_csi300_expanding_step40_s_20260111_00,2f2d4eb181db4668bdbd3b6e264ca822,2026-02-11,SH600276,-0.04152893,,,
EXP_XGBModel_Alpha158_csi300_expanding_step40_s_20260111_00,2f2d4eb181db4668bdbd3b6e264ca822,2026-02-11,SH600233,0.029522566,,,
EXP_XGBModel_Alpha158_csi300_expanding_step40_s_20260111_00,2f2d4eb181db4668bdbd3b6e264ca822,2026-02-11,SH600031,0.0028389492,,,
EXP_XGBModel_Alpha158_csi300_expanding_step40_s_20260111_00,2f2d4eb181db4668bdbd3b6e264ca822,2026-02-11,SH600030,0.016956698,,,
EXP_XGBModel_Alpha158_csi300_expanding_step40_s_20260111_00,2f2d4eb181db4668bdbd3b6e264ca822,2026-02-11,SH600029,0.27900156,,,
EXP_XGBModel_Alpha158_csi300_expanding_step40_s_20260111_00,2f2d4eb181db4668bdbd3b6e264ca822,2026-02-11,SH600028,-0.019916363,,,
EXP_XGBModel_Alpha158_csi300_expanding_step40_s_20260111_00,2f2d4eb181db4668bdbd3b6e264ca822,2026-02-11,SH600027,-0.007986107,,,
EXP_XGBModel_Alpha158_csi300_expanding_step40_s_20260111_00,2f2d4eb181db4668bdbd3b6e264ca822,2026-02-11,SH600026,-0.189845,,,
EXP_XGBModel_Alpha158_csi300_expanding_step40_s_20260111_00,2f2d4eb181db4668bdbd3b6e264ca822,2026-02-11,SH600025,0.010397917,,,
EXP_XGBModel_Alpha158_csi300_expanding_step40_s_20260111_00,2f2d4eb181db4668bdbd3b6e264ca822,2026-02-11,SH600023,0.02434018,,,
EXP_XGBModel_Alpha158_csi300_expanding_step40_s_20260111_00,2f2d4eb181db4668bdbd3b6e264ca822,2026-02-11,SH600019,0.02665947,,,
EXP_XGBModel_Alpha158_csi300_expanding_step40_s_20260111_00,2f2d4eb181db4668bdbd3b6e264ca822,2026-02-11,SH600018,-0.050385132,,,
EXP_XGBModel_Alpha158_csi300_expanding_step40_s_20260111_00,2f2d4eb181db4668bdbd3b6e264ca822,2026-02-11,SH600016,-0.11887437,,,
EXP_XGBModel_Alpha158_csi300_expanding_step40_s_20260111_00,2f2d4eb181db4668bdbd3b6e264ca822,2026-02-11,SH600015,-0.015678283,,,
EXP_XGBModel_Alpha158_csi300_expanding_step40_s_20260111_00,2f2d4eb181db4668bdbd3b6e264ca822,2026-02-11,SH600011,0.014677596,,,
EXP_XGBModel_Alpha158_csi300_expanding_step40_s_20260111_00,2f2d4eb181db4668bdbd3b6e264ca822,2026-02-11,SH600010,0.22855277,,,
EXP_XGBModel_Alpha158_csi300_expanding_step40_s_20260111_00,2f2d4eb181db4668bdbd3b6e264ca822,2026-02-11,SH600009,0.00046121166,,,
EXP_XGBModel_Alpha158_csi300_expanding_step40_s_20260111_00,2f2d4eb181db4668bdbd3b6e264ca822,2026-02-11,SH600036,0.017579839,,,
EXP_XGBModel_Alpha158_csi300_expanding_step40_s_20260111_00,2f2d4eb181db4668bdbd3b6e264ca822,2026-02-11,SH600900,0.04884376,,,
EXP_XGBModel_Alpha158_csi300_expanding_step40_s_20260111_00,2f2d4eb181db4668bdbd3b6e264ca822,2026-02-11,SH600039,0.04834173,,,
EXP_XGBModel_Alpha158_csi300_expanding_step40_s_20260111_00,2f2d4eb181db4668bdbd3b6e264ca822,2026-02-11,SH600050,-0.049115516,,,
EXP_XGBModel_Alpha158_csi300_expanding_step40_s_20260111_00,2f2d4eb181db4668bdbd3b6e264ca822,2026-02-11,SH600219,-0.21873325,,,
EXP_XGBModel_Alpha158_csi300_expanding_step40_s_20260111_00,2f2d4eb181db4668bdbd3b6e264ca822,2026-02-11,SH600196,-0.040681772,,,
EXP_XGBModel_Alpha158_csi300_expanding_step40_s_20260111_00,2f2d4eb181db4668bdbd3b6e264ca822,2026-02-11,SH600188,-0.18283129,,,
EXP_XGBModel_Alpha158_csi300_expanding_step40_s_20260111_00,2f2d4eb181db4668bdbd3b6e264ca822,2026-02-11,SH600183,0.06989243,,,
EXP_XGBModel_Alpha158_csi300_expanding_step40_s_20260111_00,2f2d4eb181db4668bdbd3b6e264ca822,2026-02-11,SH600176,-0.033222422,,,
EXP_XGBModel_Alpha158_csi300_expanding_step40_s_20260111_00,2f2d4eb181db4668bdbd3b6e264ca822,2026-02-11,SH600161,-0.08337481,,,
EXP_XGBModel_Alpha158_csi300_expanding_step40_s_20260111_00,2f2d4eb181db4668bdbd3b6e264ca822,2026-02-11,SH600160,-0.02004025,,,
EXP_XGBModel_Alpha158_csi300_expanding_step40_s_20260111_00,2f2d4eb181db4668bdbd3b6e264ca822,2026-02-11,SH600150,0.010391081,,,
EXP_XGBModel_Alpha158_csi300_expanding_step40_s_20260111_00,2f2d4eb181db4668bdbd3b6e264ca822,2026-02-11,SH600115,0.25290757,,,
EXP_XGBModel_Alpha158_csi300_expanding_step40_s_20260111_00,2f2d4eb181db4668bdbd3b6e264ca822,2026-02-11,SH600111,0.13037738,,,
EXP_XGBModel_Alpha158_csi300_expanding_step40_s_20260111_00,2f2d4eb181db4668bdbd3b6e264ca822,2026-02-11,SH600104,-0.02739119,,,
EXP_XGBModel_Alpha158_csi300_expanding_step40_s_20260111_00,2f2d4eb181db4668bdbd3b6e264ca822,2026-02-11,SH600089,0.084322385,,,
EXP_XGBModel_Alpha158_csi300_expanding_step40_s_20260111_00,2f2d4eb181db4668bdbd3b6e264ca822,2026-02-11,SH600085,-0.025646282,,,
EXP_XGBModel_Alpha158_csi300_expanding_step40_s_20260111_00,2f2d4eb181db4668bdbd3b6e264ca822,2026-02-11,SH600066,0.05036381,,,
EXP_XGBModel_Alpha158_csi300_expanding_step40_s_20260111_00,2f2d4eb181db4668bdbd3b6e264ca822,2026-02-11,SH600061,0.013498738,,,
EXP_XGBModel_Alpha158_csi300_expanding_step40_s_20260111_00,2f2d4eb181db4668bdbd3b6e264ca822,2026-02-11,SH600048,-0.01537499,,,
EXP_XGBModel_Alpha158_csi300_expanding_step40_s_20260111_00,2f2d4eb181db4668bdbd3b6e264ca822,2026-02-11,SH601901,-0.10422132,,,
EXP_XGBModel_Alpha158_csi300_expanding_step40_s_20260111_00,2f2d4eb181db4668bdbd3b6e264ca822,2026-02-11,SH600905,-0.010907842,,,
EXP_XGBModel_Alpha158_csi300_expanding_step40_s_20260111_00,2f2d4eb181db4668bdbd3b6e264ca822,2026-02-11,SH600919,0.0147633515,,,
EXP_XGBModel_Alpha158_csi300_expanding_step40_s_20260111_00,2f2d4eb181db4668bdbd3b6e264ca822,2026-02-11,SH601688,-0.010281111,,,
EXP_XGBModel_Alpha158_csi300_expanding_step40_s_20260111_00,2f2d4eb181db4668bdbd3b6e264ca822,2026-02-11,SH601669,-0.039977316,,,
EXP_XGBModel_Alpha158_csi300_expanding_step40_s_20260111_00,2f2d4eb181db4668bdbd3b6e264ca822,2026-02-11,SH601668,0.058400556,,,
EXP_XGBModel_Alpha158_csi300_expanding_step40_s_20260111_00,2f2d4eb181db4668bdbd3b6e264ca822,2026-02-11,SH601658,-0.028504351,,,
EXP_XGBModel_Alpha158_csi300_expanding_step40_s_20260111_00,2f2d4eb181db4668bdbd3b6e264ca822,2026-02-11,SH601633,0.024408804,,,
EXP_XGBModel_Alpha158_csi300_expanding_step40_s_20260111_00,2f2d4eb181db4668bdbd3b6e264ca822,2026-02-11,SH601628,0.021888908,,,
EXP_XGBModel_Alpha158_csi300_expanding_step40_s_20260111_00,2f2d4eb181db4668bdbd3b6e264ca822,2026-02-11,SH601689,-0.026638543,,,
EXP_XGBModel_Alpha158_csi300_expanding_step40_s_20260111_00,2f2d4eb181db4668bdbd3b6e264ca822,2026-02-11,SH601618,-0.052614685,,,
EXP_XGBModel_Alpha158_csi300_expanding_step40_s_20260111_00,2f2d4eb181db4668bdbd3b6e264ca822,2026-02-11,SH601601,0.0068113683,,,
EXP_XGBModel_Alpha158_csi300_expanding_step40_s_20260111_00,2f2d4eb181db4668bdbd3b6e264ca822,2026-02-11,SH601600,-0.110632926,,,
EXP_XGBModel_Alpha158_csi300_expanding_step40_s_20260111_00,2f2d4eb181db4668bdbd3b6e264ca822,2026-02-11,SH601456,-0.0072612613,,,
EXP_XGBModel_Alpha158_csi300_expanding_step40_s_20260111_00,2f2d4eb181db4668bdbd3b6e264ca822,2026-02-11,SH601398,0.01411297,,,
EXP_XGBModel_Alpha158_csi300_expanding_step40_s_20260111_00,2f2d4eb181db4668bdbd3b6e264ca822,2026-02-11,SH601390,-0.014678873,,,
EXP_XGBModel_Alpha158_csi300_expanding_step40_s_20260111_00,2f2d4eb181db4668bdbd3b6e264ca822,2026-02-11,SH601377,-0.020570096,,,
EXP_XGBModel_Alpha158_csi300_expanding_step40_s_20260111_00,2f2d4eb181db4668bdbd3b6e264ca822,2026-02-11,SH601607,-0.041319463,,,
EXP_XGBModel_Alpha158_csi300_expanding_step40_s_20260111_00,2f2d4eb181db4668bdbd3b6e264ca822,2026-02-11,SH601698,-0.059596226,,,
EXP_XGBModel_Alpha158_csi300_expanding_step40_s_20260111_00,2f2d4eb181db4668bdbd3b6e264ca822,2026-02-11,SH601728,-0.054744314,,,
EXP_XGBModel_Alpha158_csi300_expanding_step40_s_20260111_00,2f2d4eb181db4668bdbd3b6e264ca822,2026-02-11,SH601766,0.013915716,,,
EXP_XGBModel_Alpha158_csi300_expanding_step40_s_20260111_00,2f2d4eb181db4668bdbd3b6e264ca822,2026-02-11,SH601898,-0.054956324,,,
EXP_XGBModel_Alpha158_csi300_expanding_step40_s_20260111_00,2f2d4eb181db4668bdbd3b6e264ca822,2026-02-11,SH601888,0.12884904,,,
EXP_XGBModel_Alpha158_csi300_expanding_step40_s_20260111_00,2f2d4eb181db4668bdbd3b6e264ca822,2026-02-11,SH601881,0.00727675,,,
EXP_XGBModel_Alpha158_csi300_expanding_step40_s_20260111_00,2f2d4eb181db4668bdbd3b6e264ca822,2026-02-11,SH601878,-0.008401215,,,
EXP_XGBModel_Alpha158_csi300_expanding_step40_s_20260111_00,2f2d4eb181db4668bdbd3b6e264ca822,2026-02-11,SH601877,0.0060989032,,,
EXP_XGBModel_Alpha158_csi300_expanding_step40_s_20260111_00,2f2d4eb181db4668bdbd3b6e264ca822,2026-02-11,SH601872,0.058966096,,,
EXP_XGBModel_Alpha158_csi300_expanding_step40_s_20260111_00,2f2d4eb181db4668bdbd3b6e264ca822,2026-02-11,SH601868,-0.031215072,,,
EXP_XGBModel_Alpha158_csi300_expanding_step40_s_20260111_00,2f2d4eb181db4668bdbd3b6e264ca822,2026-02-11,SH601857,-0.06701508,,,
EXP_XGBModel_Alpha158_csi300_expanding_step40_s_20260111_00,2f2d4eb181db4668bdbd3b6e264ca822,2026-02-11,SH601838,-0.018608551,,,
EXP_XGBModel_Alpha158_csi300_expanding_step40_s_20260111_00,2f2d4eb181db4668bdbd3b6e264ca822,2026-02-11,SH601825,-0.030521134,,,
EXP_XGBModel_Alpha158_csi300_expanding_step40_s_20260111_00,2f2d4eb181db4668bdbd3b6e264ca822,2026-02-11,SH601818,0.0019002069,,,
EXP_XGBModel_Alpha158_csi300_expanding_step40_s_20260111_00,2f2d4eb181db4668bdbd3b6e264ca822,2026-02-11,SH601816,-0.034370642,,,
EXP_XGBModel_Alpha158_csi300_expanding_step40_s_20260111_00,2f2d4eb181db4668bdbd3b6e264ca822,2026-02-11,SH601808,-0.18066382,,,
EXP_XGBModel_Alpha158_csi300_expanding_step40_s_20260111_00,2f2d4eb181db4668bdbd3b6e264ca822,2026-02-11,SH601800,-0.04978318,,,
EXP_XGBModel_Alpha158_csi300_expanding_step40_s_20260111_00,2f2d4eb181db4668bdbd3b6e264ca822,2026-02-11,SH601788,-0.021880107,,,
EXP_XGBModel_Alpha158_csi300_expanding_step40_s_20260111_00,2f2d4eb181db4668bdbd3b6e264ca822,2026-02-11,SH601360,-0.12088078,,,
EXP_XGBModel_Alpha158_csi300_expanding_step40_s_20260111_00,2f2d4eb181db4668bdbd3b6e264ca822,2026-02-11,SH601336,-0.04335859,,,
EXP_XGBModel_Alpha158_csi300_expanding_step40_s_20260111_00,2f2d4eb181db4668bdbd3b6e264ca822,2026-02-11,SH601328,-0.029969936,,,
EXP_XGBModel_Alpha158_csi300_expanding_step40_s_20260111_00,2f2d4eb181db4668bdbd3b6e264ca822,2026-02-11,SH601319,-0.020699933,,,
EXP_XGBModel_Alpha158_csi300_expanding_step40_s_20260111_00,2f2d4eb181db4668bdbd3b6e264ca822,2026-02-11,SH601066,-0.03934726,,,
EXP_XGBModel_Alpha158_csi300_expanding_step40_s_20260111_00,2f2d4eb181db4668bdbd3b6e264ca822,2026-02-11,SH601059,-0.028498346,,,
EXP_XGBModel_Alpha158_csi300_expanding_step40_s_20260111_00,2f2d4eb181db4668bdbd3b6e264ca822,2026-02-11,SH601058,0.05104649,,,
EXP_XGBModel_Alpha158_csi300_expanding_step40_s_20260111_00,2f2d4eb181db4668bdbd3b6e264ca822,2026-02-11,SH601021,0.08941414,,,
EXP_XGBModel_Alpha158_csi300_expanding_step40_s_20260111_00,2f2d4eb181db4668bdbd3b6e264ca822,2026-02-11,SH601018,0.016210115,,,
EXP_XGBModel_Alpha158_csi300_expanding_step40_s_20260111_00,2f2d4eb181db4668bdbd3b6e264ca822,2026-02-11,SH601012,-0.0017691952,,,
EXP_XGBModel_Alpha158_csi300_expanding_step40_s_20260111_00,2f2d4eb181db4668bdbd3b6e264ca822,2026-02-11,SH601009,-0.02761341,,,
EXP_XGBModel_Alpha158_csi300_expanding_step40_s_20260111_00,2f2d4eb181db4668bdbd3b6e264ca822,2026-02-11,SH601006,-0.00045870407,,,
EXP_XGBModel_Alpha158_csi300_expanding_step40_s_20260111_00,2f2d4eb181db4668bdbd3b6e264ca822,2026-02-11,SH600999,0.008565488,,,
EXP_XGBModel_Alpha158_csi300_expanding_step40_s_20260111_00,2f2d4eb181db4668bdbd3b6e264ca822,2026-02-11,SH600989,-0.27189586,,,
EXP_XGBModel_Alpha158_csi300_expanding_step40_s_20260111_00,2f2d4eb181db4668bdbd3b6e264ca822,2026-02-11,SH600958,-0.020293653,,,
EXP_XGBModel_Alpha158_csi300_expanding_step40_s_20260111_00,2f2d4eb181db4668bdbd3b6e264ca822,2026-02-11,SH600941,0.087300666,,,
EXP_XGBModel_Alpha158_csi300_expanding_step40_s_20260111_00,2f2d4eb181db4668bdbd3b6e264ca822,2026-02-11,SH600938,-0.30432412,,,
EXP_XGBModel_Alpha158_csi300_expanding_step40_s_20260111_00,2f2d4eb181db4668bdbd3b6e264ca822,2026-02-11,SH600930,-0.0712411,,,
EXP_XGBModel_Alpha158_csi300_expanding_step40_s_20260111_00,2f2d4eb181db4668bdbd3b6e264ca822,2026-02-11,SH600926,0.0024435907,,,
EXP_XGBModel_Alpha158_csi300_expanding_step40_s_20260111_00,2f2d4eb181db4668bdbd3b6e264ca822,2026-02-11,SH601077,0.04021087,,,
EXP_XGBModel_Alpha158_csi300_expanding_step40_s_20260111_00,2f2d4eb181db4668bdbd3b6e264ca822,2026-02-11,SH600918,-0.025167627,,,
EXP_XGBModel_Alpha158_csi300_expanding_step40_s_20260111_00,2f2d4eb181db4668bdbd3b6e264ca822,2026-02-11,SH601088,-0.045099832,,,
EXP_XGBModel_Alpha158_csi300_expanding_step40_s_20260111_00,2f2d4eb181db4668bdbd3b6e264ca822,2026-02-11,SH601111,0.099088624,,,
EXP_XGBModel_Alpha158_csi300_expanding_step40_s_20260111_00,2f2d4eb181db4668bdbd3b6e264ca822,2026-02-11,SH601318,0.00658082,,,
EXP_XGBModel_Alpha158_csi300_expanding_step40_s_20260111_00,2f2d4eb181db4668bdbd3b6e264ca822,2026-02-11,SH601298,0.19781871,,,
EXP_XGBModel_Alpha158_csi300_expanding_step40_s_20260111_00,2f2d4eb181db4668bdbd3b6e264ca822,2026-02-11,SH601288,-0.0722273,,,
EXP_XGBModel_Alpha158_csi300_expanding_step40_s_20260111_00,2f2d4eb181db4668bdbd3b6e264ca822,2026-02-11,SH601238,-0.04638243,,,
EXP_XGBModel_Alpha158_csi300_expanding_step40_s_20260111_00,2f2d4eb181db4668bdbd3b6e264ca822,2026-02-11,SH601236,-0.03398631,,,
EXP_XGBModel_Alpha158_csi300_expanding_step40_s_20260111_00,2f2d4eb181db4668bdbd3b6e264ca822,2026-02-11,SH601229,-0.02006305,,,
EXP_XGBModel_Alpha158_csi300_expanding_step40_s_20260111_00,2f2d4eb181db4668bdbd3b6e264ca822,2026-02-11,SH601225,0.043886367,,,
EXP_XGBModel_Alpha158_csi300_expanding_step40_s_20260111_00,2f2d4eb181db4668bdbd3b6e264ca822,2026-02-11,SH601211,0.040638737,,,
EXP_XGBModel_Alpha158_csi300_expanding_step40_s_20260111_00,2f2d4eb181db4668bdbd3b6e264ca822,2026-02-11,SH601186,0.016710017,,,
EXP_XGBModel_Alpha158_csi300_expanding_step40_s_20260111_00,2f2d4eb181db4668bdbd3b6e264ca822,2026-02-11,SH601169,-0.018634535,,,
EXP_XGBModel_Alpha158_csi300_expanding_step40_s_20260111_00,2f2d4eb181db4668bdbd3b6e264ca822,2026-02-11,SH601166,-0.00087712985,,,
EXP_XGBModel_Alpha158_csi300_expanding_step40_s_20260111_00,2f2d4eb181db4668bdbd3b6e264ca822,2026-02-11,SH601138,-0.02070969,,,
EXP_XGBModel_Alpha158_csi300_expanding_step40_s_20260111_00,2f2d4eb181db4668bdbd3b6e264ca822,2026-02-11,SH601136,-0.032830145,,,
EXP_XGBModel_Alpha158_csi300_expanding_step40_s_20260111_00,2f2d4eb181db4668bdbd3b6e264ca822,2026-02-11,SH601127,-0.035420608,,,
EXP_XGBModel_Alpha158_csi300_expanding_step40_s_20260111_00,2f2d4eb181db4668bdbd3b6e264ca822,2026-02-11,SH601117,-0.01466077,,,
EXP_XGBModel_Alpha158_csi300_expanding_step40_s_20260111_00,2f2d4eb181db4668bdbd3b6e264ca822,2026-02-11,SH601100,0.0948074,,,
EXP_XGBModel_Alpha158_csi300_expanding_step40_s_20260111_00,2f2d4eb181db4668bdbd3b6e264ca822,2026-02-11,SZ302132,-0.050180983,,,
